{"cameraMode":{"drawMode":0,"name":"Shaded","section":"Shading Mode"},"sceneLighting":true,"audioPlay":false,"sceneViewState":{"showFog":true,"showMaterialUpdate":false,"showSkybox":true,"showFlares":true,"showImageEffects":true,"showParticleSystems":true},"in2DMode":false,"pivot":{"x":359.1026916503906,"y":909.8172607421875,"z":-28.385589599609376},"rotation":{"x":-0.0006700053927488625,"y":0.9982935786247253,"z":-0.0572744719684124,"w":-0.011679604649543763},"size":704.6961669921875,"orthographic":false}